/*
Navicat MySQL Data Transfer

Source Server         : mdatabase
Source Server Version : 50717
Source Host           : localhost:3306
Source Database       : website

Target Server Type    : MYSQL
Target Server Version : 50717
File Encoding         : 65001

Date: 2017-09-01 00:27:30
*/

SET FOREIGN_KEY_CHECKS=0;

-- ----------------------------
-- Table structure for admin
-- ----------------------------
DROP TABLE IF EXISTS `admin`;
CREATE TABLE `admin` (
  `id` int(11) NOT NULL AUTO_INCREMENT,
  `username` varchar(255) DEFAULT NULL,
  `password` varchar(255) DEFAULT NULL,
  PRIMARY KEY (`id`)
) ENGINE=InnoDB AUTO_INCREMENT=2 DEFAULT CHARSET=utf8;

-- ----------------------------
-- Records of admin
-- ----------------------------
INSERT INTO `admin` VALUES ('1', '1', 'ag3OB0a0vnwiWexZ+52IfQ==');

-- ----------------------------
-- Table structure for category
-- ----------------------------
DROP TABLE IF EXISTS `category`;
CREATE TABLE `category` (
  `id` int(11) NOT NULL AUTO_INCREMENT,
  `name` varchar(40) DEFAULT NULL COMMENT '类目名称',
  PRIMARY KEY (`id`)
) ENGINE=InnoDB AUTO_INCREMENT=9 DEFAULT CHARSET=utf8;

-- ----------------------------
-- Records of category
-- ----------------------------
INSERT INTO `category` VALUES ('1', '布艺窗帘');
INSERT INTO `category` VALUES ('2', '办公卷帘');
INSERT INTO `category` VALUES ('3', '百叶窗帘');
INSERT INTO `category` VALUES ('4', '电动窗帘');
INSERT INTO `category` VALUES ('5', '沙发维修');
INSERT INTO `category` VALUES ('6', '餐厅布草');
INSERT INTO `category` VALUES ('7', '墙面软包');
INSERT INTO `category` VALUES ('8', '舞台幕布');

-- ----------------------------
-- Table structure for company
-- ----------------------------
DROP TABLE IF EXISTS `company`;
CREATE TABLE `company` (
  `id` int(11) NOT NULL AUTO_INCREMENT,
  `name` varchar(20) DEFAULT NULL COMMENT '名称',
  `title` varchar(255) DEFAULT NULL COMMENT '简介',
  `intro` varchar(1024) DEFAULT NULL COMMENT '介绍',
  `mobile` varchar(20) DEFAULT NULL COMMENT '手机',
  `phone` varchar(20) DEFAULT NULL COMMENT '电话',
  `address` varchar(50) DEFAULT NULL COMMENT '地址',
  `url` varchar(50) DEFAULT NULL COMMENT '网址',
  `email` varchar(50) DEFAULT NULL COMMENT '邮箱',
  PRIMARY KEY (`id`)
) ENGINE=InnoDB AUTO_INCREMENT=2 DEFAULT CHARSET=utf8;

-- ----------------------------
-- Records of company
-- ----------------------------
INSERT INTO `company` VALUES ('1', '北京星睿家私', '北京星睿家私主要生产：高档宾馆酒店客房窗帘、家庭窗帘、工程卷帘、沙发换面、床上用品、餐厅布草、软包装饰布艺等。承接订做各种高中档办公沙发、休闲沙发等。', '北京星睿家私创于2008年。\r\n我们拥有专业的技术人员，有新颖独特翻新技术，几年的努力奋斗，诚信经营。\r\n经营范围：窗帘，窗纱，高档布艺 沙发，沙发套，床罩，各种套件加工定做。  \r\n另外承接：宾馆，酒店，写字楼，工程布艺，各种轨道，电动轨道等项目。\r\n我们承诺：\r\n*尊重客户要求，按照用户意愿主动提供完善的设计。\r\n*免费上门服务，实地测量尺寸，提供样品及原料样本。\r\n*按客户要求的时间，登门安装、调整，直到客户满意为止。\r\n*选用正规厂家生产的、质地优良的窗帘原材料和名牌配品配件。\r\n*客户使用过程，一旦发现问题，保证随叫随到，终身维修。', '12312341234', '12341234', '北京市北京xxx号', 'http://xxx.com', 'mail@mail.com');

-- ----------------------------
-- Table structure for example
-- ----------------------------
DROP TABLE IF EXISTS `example`;
CREATE TABLE `example` (
  `id` int(11) NOT NULL AUTO_INCREMENT COMMENT '案例表',
  `name` varchar(20) DEFAULT NULL COMMENT '名称',
  `intro` varchar(512) DEFAULT NULL COMMENT '介绍',
  `photo` varchar(50) DEFAULT NULL COMMENT '存图片地址',
  `time` datetime DEFAULT NULL,
  `category_id` int(20) DEFAULT NULL COMMENT '类目',
  PRIMARY KEY (`id`),
  KEY `type` (`category_id`)
) ENGINE=InnoDB AUTO_INCREMENT=7 DEFAULT CHARSET=utf8;

-- ----------------------------
-- Records of example
-- ----------------------------
INSERT INTO `example` VALUES ('1', '布艺窗帘', '布艺窗帘', 'photo/bulian/bulian-0.jpg', '2017-08-31 16:17:40', '1');
INSERT INTO `example` VALUES ('2', '百叶窗帘', '百叶窗帘', 'photo/baiye/baiye-0.jpg', '2017-08-31 16:17:40', '3');
INSERT INTO `example` VALUES ('3', '办公窗帘', '办公窗帘', 'photo/juanlian/juanlian-0.jpg', '2017-08-31 16:17:40', '2');
INSERT INTO `example` VALUES ('4', '墙面软包', '墙面软包', 'photo/ruanbao/ruanbao-0.jpg', '2017-08-31 16:17:40', '7');
INSERT INTO `example` VALUES ('5', '餐厅布草', '餐厅布草', 'photo/yitao/yitao-0.jpg', '2017-08-31 16:17:40', '6');
INSERT INTO `example` VALUES ('6', '沙发维修', '沙发维修', 'photo/shafa/shafa-0.jpg', '2017-08-31 16:17:40', '5');

-- ----------------------------
-- Table structure for gbook
-- ----------------------------
DROP TABLE IF EXISTS `gbook`;
CREATE TABLE `gbook` (
  `id` int(11) NOT NULL AUTO_INCREMENT,
  `name` varchar(20) DEFAULT NULL COMMENT '留言表id',
  `phone` varchar(20) DEFAULT NULL COMMENT '联系方式',
  `email` varchar(20) DEFAULT NULL,
  `title` varchar(50) DEFAULT NULL COMMENT '留言标题',
  `intro` varchar(255) DEFAULT NULL,
  PRIMARY KEY (`id`)
) ENGINE=InnoDB DEFAULT CHARSET=utf8;

-- ----------------------------
-- Records of gbook
-- ----------------------------

-- ----------------------------
-- Table structure for news
-- ----------------------------
DROP TABLE IF EXISTS `news`;
CREATE TABLE `news` (
  `id` int(11) NOT NULL AUTO_INCREMENT,
  `title` varchar(50) DEFAULT NULL COMMENT '标题',
  `intro` text COMMENT '内容',
  `time` timestamp NULL DEFAULT CURRENT_TIMESTAMP ON UPDATE CURRENT_TIMESTAMP COMMENT '时间',
  PRIMARY KEY (`id`)
) ENGINE=InnoDB AUTO_INCREMENT=10 DEFAULT CHARSET=utf8;

-- ----------------------------
-- Records of news
-- ----------------------------
INSERT INTO `news` VALUES ('1', '窗帘布艺的款式如何划分 实用的小知识', '1、按结构划分  \r\n有简易式、导轨式、盒式三种。\r\n2、按采光划分\r\n透光、半透光、不透光三种。\r\n3、按形式划分\r\n普通帘：常用于有窗盒的窗户。可配帘眉，不露轨道。制作上宜打固定折，方便安装清洗\r\n升降帘：类似百叶窗悬挂方法，折叠升高。可根据光线的强弱而上下升降。\r\n罗马轩：常见未装窗盒的窗体，装饰性强。流行吊带式，方便安静，诠释强烈的欧洲风格\r\n选择带滑轮的轨道有利于窗帘的使用。\r\n4、按长度划分\r\n落地窗：多用于客厅，使用落地玻璃的大窗户。\r\n飘 窗：港式造型，适用窗台较宽的情况。\r\n半截窗：根据窗型，窗帘下摆超过窗台30公分左右又未及地面。\r\n高 帘：适用于3米以上空间的窗型。\r\n', '2017-08-31 16:17:40');
INSERT INTO `news` VALUES ('2', '沙发窗帘小改造 巧用软装让客厅年味浓', '巧用软装饰品，旧房也能变新房\r\n一到新年，大家少不了走亲访友。可是，近日成都市民崔女士又开始苦恼了，家里虽然收拾得很干净，但房子已装修多年，客厅里的家具显得非常陈旧，毫无过年的气氛。\r\n崔女士希望，能否通过一些微调整，使屋子有焕然一新的感觉。对此，记者走访了成都市的装饰公司了解到，可以利用一些软装饰品对客厅进行小改造。\r\n沙发靠垫换上毛毛外套\r\n当亲戚朋友刚走进客厅时，首先映入眼帘的可能是沙发。那如何对沙发进行微改造呢？装饰公司工作人员说，对于冬天来说，可把靠垫的“外套”更换成针织或带有毛毛的材质，这样会使整个屋子显得更加的温馨，而颜色的选择要根据整个沙发的颜色来调整。\r\n窗帘是整个客厅的重要的装饰部分，更换窗帘最主要是颜色的把控。莎士比亚家居体验馆的工作人员虞虔说，窗帘的颜色不能比墙体颜色浅，如果是白色的墙，窗帘颜色则不能比沙发颜色浅。否则，就会显得窗帘是腾空的，没有装饰感。\r\n客厅中还有一个大的装饰部分就是地毯，如果想让家里在冬天更加温暖，可在客厅中摆放一张地毯。\r\n摆放仿真花装饰显活力\r\n如果想让整个客厅更具活力和过年的气氛，可在一些地方增添一些小饰品。 首先，可在茶几上增添几个杯垫，最好选用棉麻、手工针织等材质，更具亲切感。另外，可以摆上几盆花或养几条金鱼，如果没时间打理花，可选择仿真花。\r\n墙面可选择不同形状或大小不同的镜框组合装饰。想换壁纸却怕麻烦的市民，可在墙上挂上一大幅挂画进行改造，这样既改造环境，又不会太麻烦。\r\n冬季客厅窗帘如何选择搭配？\r\n对于冬天来说，选择窗帘应以暖色调为主，这样可使整个客厅更温馨。\r\n窗帘一般选择红色、黄色、金色等。选择红色的市民，一般都敢于大胆搭配。黄色的窗帘，分为深黄色和浅黄色。深黄色一般搭配实木家具，浅黄色一般搭配现代感的家具。而金色窗帘，一般搭配的为奢华的装修类型，例如，中式风格或欧式风格等。\r\n冬季客厅地毯如何选择呢？\r\n地毯颜色一般选择棕色、灰色、黑色等。由于客厅大小不同，地毯的形状选择也不同的。一般小户型（40平方米-50平方米）可选择圆形的地毯，方形的地毯则为百搭款，适用于各种户型。\r\n另外还有异形地毯，如斑马纹，豹纹、虎皮等。一般这种地毯适用于中高档装修风格。要是小户型的住户想选择异形地毯的话，可选用斑马纹地毯，它的毛质要厚，可使客厅空间更有紧凑感和温馨感。\r\n', '2017-08-31 16:17:40');
INSERT INTO `news` VALUES ('3', '新型自动遥控窗帘选购知识 做科技达人', '人们大多使用窗帘的目的是为了个人隐私，或者不希望外界影响自己，更重要的能通风透气。 古代人们没有布也没有纸，他们只能用树叶或草织物来当窗帘。随着人类的进步和发展，人们发明了布，今天，窗帘已与我们的空间并存，格调千变，样式万化，功能用途也细化到任何用的着的地方。\r\n随着人民生活水平的不断提高，人们对家庭生活舒适性的需求越来越强烈，窗帘作为每个家庭生活中最必须的家居用品之一，自然也需要满足人民更舒适性的需求。遥控窗帘遥控电动窗帘在最近几年被广泛应用于高级公寓，只要遥控器轻按一下，窗帘就自动开合，非常方便。那么选购遥控窗帘的必备知识更为重要。\r\n窗帘是家居必备用品，一个温馨浪漫的居室环境，与窗帘的巧妙搭配密不可分，想选择一条窗帘为爱家增色，可是需要考虑很多方面的。\r\n自动遥控窗帘系统是一种新型的高科技产品。它是居家、办公、展示室、图书馆、医院、宾馆等场所的首选产品。它的应用将带给您高科技的享受及便捷，同时能美化您的环境，使您的环境高水准化。那选择窗帘系统的时候，我们应该先了解一下相关的概念，这样我们在选购系统的时候就不再陌生，同时也会因此给你带来好处。自动遥控窗帘系统使用的电压为，安全可靠。窗帘驱动设备器内装有可靠的安全设防保护装置。当驱动器内、外温度达到75度时，窗帘控制系统将会采取安全措施，实施自动切断驱动器的电源。\r\n现在市场上，遥控窗帘系统品种繁多，鱼目混杂，还请消费者认清品牌，注意商家的保修期。\r\n自动遥控窗帘系统系统定时控制器能预先在24小时内进行8次自动开启与关闭的设置。它将会带给您有规律节奏的生活。如遇您外出，系统定时控制器会按照您的习惯在每天同一时间自动开启及关闭窗帘，确保安全。自动遥控窗帘系统系统专用遥控器连同系统专用位置码接受器一并对已设定的不同窗帘系统进行控制。该系统设备能单独或同时用于控制不同的窗帘系统。\r\n自动遥控窗帘系统驱动设备已融入了低噪音和缓解颤动设计。驱动设备内的缓冲消逝器及不同的调控速度将带给您无比美好、安静舒适的新时尚生活享受。\r\n自动遥控窗帘系统具有十档不同的开启和关闭速度。不同的场合可选用不同的速度。当选择系统低档模式时，窗帘的缓慢移动将会带给您温馨、浪漫的舒适感觉;如选用了系统高档模式，窗帘快速移动又赋予您使命感。\r\n自动遥控窗帘系统融合了多种功能：备有手动、智能线控按钮、遥控器及定时器。当窗帘完全开启或关闭时，驱动器能及时停止工作。电源发生断电时，可手动开启及关闭系统。\r\n容易忽略的一点：遥控窗帘和其他窗帘颜色选择一样，还应考虑房间的用途和季节。老年人房间，可选暗花和色泽素净的。新婚夫妇的房间，窗帘色彩宜鲜艳浓烈，以增添喜庆气氛。就季节而言，春秋季以中色为宜，如米色、淡墨绿、枯黄、粉红色等;夏季以白色、米色、淡灰、天蓝、湖绿等色为佳;冬季宜用棕色、墨绿、紫红、深咖啡等色。客厅宜选深色，显得庄重大方。\r\n', '2017-08-31 16:17:40');
INSERT INTO `news` VALUES ('4', '居家风水看窗帘 房屋装修风水禁忌须知', '从居家风水的角度上看窗帘占据着非常重要的位置，不仅家居摆设有讲究，其实窗帘的选用同样有讲究，我们来看看房屋装修风水禁忌都有哪些方面的讲究。\r\n一、若窗外正对玻璃幕墙大厦，玻璃幕墙会将阳光等反射入屋，形成“光煞”，使人情绪不稳，精神易有问题，可装置纱帘，并落帘至日落，因为日落后玻璃幕墙大厦只作为一面镜，没有煞气；假如窗外有霓虹光管，就要日夜都落帘。窗户若对正医院或尖锐的屋角、不洁之物等，而且相距甚近，便应在窗户上安装木质百叶窗，防止煞气进入，并且尽量以少打开为宜。\r\n二、窗帘过于厚重会减少家人的团聚，华丽的图案会有罕见访客的现象，简单朴素或是花纹图案是家居窗饰的最佳选择。\r\n三、偏暗的朝北房间，适用中性偏冷色调，情调优雅；采光较好的朝阳房间，则选挂粟红色或黄色窗帘，以便将强光调节成纤柔的散光，协调阴阳。\r\n四、窗帘尽可能不要用粉红色，会使人产生脑神经衰弱、慌恐、不安、易发脾气，而吵架之事必然常常发生。\r\n五、窗帘与地面要尽量避免红与绿、青与橙、红与蓝、黄与紫的颜色搭配，以免产生不好的心理感觉。\r\n六、窗帘与墙面、家具要尽量避免相似色调，如墙是偏黄色调，而窗帘也采用米黄、杏黄，看似和谐，其实在如此配色的居室待久了，心理上难免会感到“晕”；又如淡湖色的墙面，采用中绿色的窗帘，虽色彩统一，但给人的感觉偏冷。\r\n七、落地的长帘可营造一种恬静而温暖的气氛；但是在较小的房间，小窗户往往会减低阳光的照射，因此选择容易让大量的光线透过的百叶窗为宜。\r\n八、在较大的房间，最好使用布窗帘；布窗帘有助于睡眠和阻挡外界的不良影响；如果背向窗而坐或头向窗而睡，都要会令人神经紧张，难以松弛，但如果窗户上悬挂厚实的布窗帘，可减少不利影响。\r\n九、餐厅适合白色窗帘，避免灰、芥茉黄、紫或青绿色，因为会叫人倒胃口。如果你正在节食，可采用蓝色、绿色或灰色。\r\n', '2017-08-31 16:17:40');
INSERT INTO `news` VALUES ('5', '双罗马杆窗帘怎么挑选 购物细则弄明白', '双罗马杆窗帘因为其时尚的外观、实用的设计，受到了许多业主的喜爱。罗马杆分为单层和双层两种。双层罗马杆窗帘以其复古的潮流，近年来愈加受到欢迎。\r\n罗马杆一般在20元/米以上，要看它的材质，实木的会贵点。买罗马杆的时候，支架和圈是含在里面的。如果要单独购买的话，圈在1元以上，支架在2.5元以上。\r\n双罗马杆窗帘部分及每个部分的价格\r\n双罗马杆窗帘一般分轨道杆，轨道头，支轨（单双支架，还有三轨支架）吊环。就是四部分。\r\n一般情况下价格是含在一起，比如一米轨道20元，你需要3米，那就是60元，这60元里已经含有所有配件的价格。\r\n双罗马杆窗帘地区不同可能收费有所不同，有个别地区是分开算的，这个价格差异关键在于材质，材质不同价格就不同，不如定论每个部份是多少钱。\r\n就是罗马轨而论，一般都是铝合金、碳钢、碳钢包塑、铁艺轨、以材质而论铝合金比较好，选轨道的时候你注意一下管壁的厚薄就能知道好坏了。\r\n双罗马杆窗帘以工艺而论大约有贴纸，包塑，烤漆，电咏漆等，以工艺而论，电咏漆要好些，当然价格也贵些。\r\n双罗马杆窗帘怎么挑选\r\n罗马杆适用于落地窗帘，很气派。不过选择罗马杆的窗帘需要注意：你家的三大块颜色的搭配——墙面、地面、窗帘。如果这3个颜色搭配不好会很难看的。另外就是，如果房间面积不大，也最好不要选择比较震撼的颜色或者震撼的花型。\r\n小编总结：双罗马杆窗帘可以为我们营造出更加时尚美观的装修效果，但是我们在选购双罗马杆窗帘的时候，要注意它的价格和选购要点。\r\n', '2017-08-31 16:17:40');
INSERT INTO `news` VALUES ('6', '窗帘等纺织品成室内杀手 应水洗过再用', '目前，我市已进入供暖期，由于门窗紧闭，一些市民遭遇室内污染，但让大家感到惊奇的是，室内污染的源头竟是窗帘等物件。\r\n市民张先生家住道里区，由于害怕室内污染，新买的家具基本都是名牌产品。5月份装修结束后，他将新房的窗子全都打开，保持通风。8月份与家人入住后，还是感觉有异味。经专业人员检测，他家的窗帘含有甲醛，导致室内甲醛超标1倍多。\r\n据了解，为实现防缩、挺括等目的，纺织品的加工过程中常常要加入含有甲醛的各种添加剂。在购买窗帘等纺织品时，如果感觉有刺鼻的异味，最好不要选购。甲醛溶于水，在购买窗帘等纺织品后，一定要用水洗过再用。\r\n', '2017-08-31 16:17:40');
INSERT INTO `news` VALUES ('7', '了解窗帘文化 选家居布艺要合年龄身份', '随着“轻装修，重装饰”理念的深入人心，作为软装饰重要手段的布艺窗帘越来越受到重视。据一布艺店的店主介绍，现在市民对窗帘布艺的需求不再仅仅是遮光，更多的是考虑装饰功能，在选购和安装时都有自己的想法，他用“个性化”“时尚化”“功能化”来概括现代布艺的特色。\r\n选择篇 选布艺要合年龄身份\r\n五六年前，很多市民只要看好一种款式的布料，家里全部的窗帘、门帘、阳台布帘等都用上就算完事了。现在，人们会在不同的空间选择不同款式的布艺，更重视的是装饰、调节家庭气氛的功能。　\r\n他认为，选择布艺不但要考虑与家庭装修风格的搭配，还要符合主人的年纪、性格，年轻的主人不应该选择颜色 老成、款式稳重的窗帘布艺，年纪较大的人不宜选用颜色太浅、花纹图案太活泼、款式过于新潮超前的布艺。同样的性格沉稳、喜欢安静的人也不适合选择太热烈、 显得热闹的布艺。\r\n功能篇 帮你掩盖瑕疵\r\n有人说，无论你多么用心装修自己的房子，也会留有一些缺陷，用软装饰来掩饰这些缺陷是不错的选择。仅以卧室为例来说明。\r\n卧室的装修通常比较简单，布艺窗帘在卧室往往能够更突出发挥其装饰或者“掩饰”的功能　\r\n如果房间不够明亮，可以用布质组织较为稀松、布纹具有几何图形的印花布做窗帘，同时，窗帘上的图案尽量和墙饰统一，这样能够让人的视野更开阔。此外，挑选具有光泽的反光布来装饰墙壁、天花板和木材家具等也可以起到补充作用。\r\n加入房间显得太空，那么可以选择布纹较柔软、蓬松的材料，具有吸光质地的材料来装饰地板、墙壁，而窗户则大量选用有对比效果的材料，或在醒目的地方，采用颜色鲜亮的窗帘布幔、床罩，使其与地板和墙壁形成鲜明对比。改变房间空阔、单调的感觉。\r\n房间显得太矮。可使用色彩对比强烈的竖式条纹和图案来装饰墙壁和窗户。显得太窄的则可用横式条纹和图案装饰墙壁和窗帘。在狭窄的两端使用醒目的图案，可以利用材料的反差、对比，如在铺有木板、亚麻地毯的地面上铺放软质地毯。\r\n搭配篇 不同的空间配不同风格布艺\r\n具体来说，选择布艺窗帘首先要根据居室的装修色调和风格来确立一个统一的大效果。再根据各个房间的具体使用情况来确定对窗帘布艺的最佳搭配。针对居室的不同功能，选择色调、图案各不相同的窗帘。\r\n客厅是接待客人、家人休息的场所。建议选择以浅色为主、透光性强的薄布料，营造庄重、简洁、大方明亮的视觉效果。\r\n卧室是私人空间。可与床品统一考虑，选择厚实遮光的布料做主料，纱、帘双层，营造温馨和浪漫的气氛。\r\n老人房宜选暗色调和素雅图案为主，营造深沉、稳重的气氛。儿童房适用鲜艳、轻松的色彩，活泼的图案，营造活泼、轻松的氛围。\r\n书房适宜简洁、淡雅的图案，营造文化气息和个性化的氛围。卫生间和厨房宜选择耐脏、易清洗的布料。\r\n有条件的家庭，还可以根据季节更换不同风格图案的窗帘。夏天用翠绿、水蓝等色调的布艺窗帘，显得清凉，但到了冬天，会感觉冰冷，可以换成暖色调的窗帘。不能更换的则选择比较中性的色调和图案。\r\n很多家庭乔迁新居，自然少不了购置窗帘来美化居室。作为居室装饰的重要组成部分，窗帘具有“画龙点睛”的作用，它不仅能够在最后一道工序上完美居室，更会通过款式和颜色渲染一种气氛，尤其在厦门这种气候暖和的地区，窗帘在家居环境的美化及环境营造中的作用更突出。\r\n', '2017-08-31 16:17:40');
INSERT INTO `news` VALUES ('8', '窗帘清洗妙招：纱布不用洗衣机漂白剂', '张女士：我最头疼洗窗帘，以前曾经用洗衣机洗过一回，结果洗完了拿出来一看，多了许多窟窿眼，纱布完全洗破了，不能再用了，真不知道该如何洗窗帘？\r\n答：窗帘每过半年就应该拿下来洗一洗了。清洗时绝不能用漂白剂，纱布最好不要用洗衣机洗，而是用大盆，或是放在浴缸里清洗。如果不得不用洗衣机，也不能为图方便，用脱水和烘干功能，只需漂洗就可。晾的时候，要自然风干，以免破坏了窗帘本身的质感。\r\n清洗不同布料的窗帘，需要不同的方法。普通布料的窗帘可用湿布擦洗；易缩水的面料应送到洗衣店干洗；帆布或麻制的窗帘最好用海绵蘸些温水或肥皂溶液，抹一遍；如果是天鹅绒窗帘，先把窗帘浸泡在清洁液中，用手轻压、洗净后放在平架子上，使水自动滴干。\r\n至于窗楣、帷幔，尤其是窗帘的花边，先用清水将花边浸湿，再用加入了苏打的温水洗涤，最后用温的洗衣粉水或肥皂水洗两次。\r\n', '2017-08-31 16:17:40');
INSERT INTO `news` VALUES ('9', '未来家用纺织品流行趋势 窗帘有新概念', '昨天上午，2012中国国际家用纺织品创意大赛作品全国巡展在南京艺术学院拉开帷幕，来自全国的近百幅优秀作品诠释了未来家用纺织品的流行趋势。据了解，大赛参赛作品共1389件，经过100名来自企业一线的设计师初评选出入围作品200件，再经专家评委终评，最终从选出2名金奖、3名银奖、5名铜奖和30名优秀奖。\r\n其中南京艺术学院斩获了近三分之一的奖项，并独得两项金奖。\r\n在展出的作品中，南京艺术学院田壮壮的“新概念窗帘”吸引了大家的目光。在比赛中，这个创意获得了银奖。窗帘是每个家庭必备的装饰，但是很多家庭长年累月只有一副窗帘，时间长了，就会觉得单调。那么有没有随时可以动态变化纹饰图案的窗帘呢？\r\n田壮壮设计的这个窗帘，通过目前市场上常见的上下拉动的窗帘装置的基础上，又在位置、拉环轴轮处做了相应改进，在拉动窗帘的时候可以做到双向可循环的运动，装置也采用了双层表现的手法，第一层是图案层，第二层是底色配色层，通过不同变换组合出不一样的色彩效果。也就是说，你完全可以根据自己的心情来调节窗户的色彩和图案。\r\n纸巾是常见的床头用品，为方便取用，我们通常将他放在枕头边，但也许你可能还嫌不够近便，或者嫌弃纸巾盒与床单的颜色不搭，那么，把枕头和纸巾盒二合一，做成枕头纸巾盒或许不错。在本次大赛中，一款被称作“哭吧”的枕头也颇具创意，这种枕头分为两个区块，一部分是枕头，一部分是背后有拉链，其中空心，可以把纸巾放进去。枕头尺寸60cm*40cm，亚麻质地。南京艺术学院设计学院染织服装系副主任龚建培教授说，微小的设计变化也能改变生活。\r\n', '2017-08-31 16:17:40');

-- ----------------------------
-- Table structure for product
-- ----------------------------
DROP TABLE IF EXISTS `product`;
CREATE TABLE `product` (
  `id` int(11) NOT NULL AUTO_INCREMENT COMMENT '产品表',
  `name` varchar(48) DEFAULT NULL COMMENT '名称',
  `intro` text COMMENT '介绍',
  `photo` varchar(48) DEFAULT NULL COMMENT '存图片地址',
  `time` datetime DEFAULT NULL COMMENT '最后更新时间',
  `shown` bit(1) DEFAULT b'0' COMMENT '首页显示(1是/0否)',
  `category_id` int(11) DEFAULT NULL COMMENT '类目id',
  PRIMARY KEY (`id`)
) ENGINE=InnoDB AUTO_INCREMENT=33 DEFAULT CHARSET=utf8;

-- ----------------------------
-- Records of product
-- ----------------------------
INSERT INTO `product` VALUES ('1', '百叶窗帘', '我是介绍我是介绍', 'photo/baiye/baiye-0.jpg', '2017-08-31 16:17:40', '', '3');
INSERT INTO `product` VALUES ('2', '百叶窗帘', '我是介绍我是介绍', 'photo/baiye/baiye-1.jpg', '2017-08-31 16:17:40', '\0', '3');
INSERT INTO `product` VALUES ('3', '百叶窗帘', '我是介绍我是介绍', 'photo/baiye/baiye-2.jpg', '2017-08-31 16:17:40', '\0', '3');
INSERT INTO `product` VALUES ('4', '百叶窗帘', '我是介绍我是介绍', 'photo/baiye/baiye-3.jpg', '2017-08-31 16:17:40', '\0', '3');
INSERT INTO `product` VALUES ('5', '百叶窗帘', '我是介绍我是介绍', 'photo/baiye/baiye-4.jpg', '2017-08-31 16:17:40', '\0', '3');
INSERT INTO `product` VALUES ('6', '百叶窗帘', '我是介绍我是介绍', 'photo/baiye/baiye-5.jpg', '2017-08-31 16:17:40', '\0', '3');
INSERT INTO `product` VALUES ('7', '百叶窗帘', '我是介绍我是介绍', 'photo/baiye/baiye-6.jpg', '2017-08-31 16:17:40', '\0', '3');
INSERT INTO `product` VALUES ('8', '百叶窗帘', '我是介绍我是介绍', 'photo/baiye/baiye-7.jpg', '2017-08-31 16:17:40', '\0', '3');
INSERT INTO `product` VALUES ('9', '百叶窗帘', '我是介绍我是介绍', 'photo/baiye/baiye-8.jpg', '2017-08-31 16:17:40', '\0', '3');
INSERT INTO `product` VALUES ('10', '百叶窗帘', '我是介绍我是介绍', 'photo/baiye/baiye-9.jpg', '2017-08-31 16:17:40', '\0', '3');
INSERT INTO `product` VALUES ('11', '布艺窗帘', '我是介绍我是介绍', 'photo/bulian/bulian-0.jpg', '2017-08-31 16:17:40', '', '1');
INSERT INTO `product` VALUES ('12', '布艺窗帘', '我是介绍我是介绍', 'photo/bulian/bulian-1.jpg', '2017-08-31 16:17:40', '\0', '1');
INSERT INTO `product` VALUES ('13', '布艺窗帘', '我是介绍我是介绍', 'photo/bulian/bulian-2.jpg', '2017-08-31 16:17:40', '\0', '1');
INSERT INTO `product` VALUES ('14', '布艺窗帘', '我是介绍我是介绍', 'photo/bulian/bulian-3.jpg', '2017-08-31 16:17:40', '\0', '1');
INSERT INTO `product` VALUES ('15', '布艺窗帘', '我是介绍我是介绍', 'photo/bulian/bulian-4.jpg', '2017-08-31 16:17:40', '\0', '1');
INSERT INTO `product` VALUES ('16', '布艺窗帘', '我是介绍我是介绍', 'photo/bulian/bulian-5.jpg', '2017-08-31 16:17:40', '\0', '1');
INSERT INTO `product` VALUES ('17', '布艺窗帘', '我是介绍我是介绍', 'photo/bulian/bulian-6.jpg', '2017-08-31 16:17:40', '\0', '1');
INSERT INTO `product` VALUES ('18', '布艺窗帘', '我是介绍我是介绍', 'photo/bulian/bulian-7.jpg', '2017-08-31 16:17:40', '\0', '1');
INSERT INTO `product` VALUES ('19', '布艺窗帘', '我是介绍我是介绍', 'photo/bulian/bulian-8.jpg', '2017-08-31 16:17:40', '\0', '1');
INSERT INTO `product` VALUES ('20', '布艺窗帘', '我是介绍我是介绍', 'photo/bulian/bulian-9.jpg', '2017-08-31 16:17:40', '\0', '1');
INSERT INTO `product` VALUES ('21', '电动窗帘', '我是介绍我是介绍', 'photo/diandong/diandong-0.jpg', '2017-08-31 16:17:40', '', '4');
INSERT INTO `product` VALUES ('22', '电动窗帘', '我是介绍我是介绍', 'photo/diandong/diandong-1.jpg', '2017-08-31 16:17:40', '\0', '4');
INSERT INTO `product` VALUES ('23', '办公卷帘', '我是介绍我是介绍', 'photo/juanlian/juanlian-0.jpg', '2017-08-31 16:17:40', '', '2');
INSERT INTO `product` VALUES ('24', '办公卷帘', '我是介绍我是介绍', 'photo/juanlian/juanlian-1.jpg', '2017-08-31 16:17:40', '\0', '2');
INSERT INTO `product` VALUES ('25', '舞台幕布', '我是介绍我是介绍', 'photo/mubu/mubu-0.jpg', '2017-08-31 16:17:40', '\0', '8');
INSERT INTO `product` VALUES ('26', '舞台幕布', '我是介绍我是介绍', 'photo/mubu/mubu-1.jpg', '2017-08-31 16:17:40', '\0', '8');
INSERT INTO `product` VALUES ('27', '墙面软包', '我是介绍我是介绍', 'photo/ruanbao/ruanbao-0.jpg', '2017-08-31 16:17:40', '\0', '7');
INSERT INTO `product` VALUES ('28', '墙面软包', '我是介绍我是介绍', 'photo/ruanbao/ruanbao-1.jpg', '2017-08-31 16:17:40', '\0', '7');
INSERT INTO `product` VALUES ('29', '沙发维修', '我是介绍我是介绍', 'photo/shafa/shafa-0.jpg', '2017-08-31 16:17:40', '', '5');
INSERT INTO `product` VALUES ('30', '沙发维修', '我是介绍我是介绍', 'photo/shafa/shafa-1.jpg', '2017-08-31 16:17:40', '\0', '5');
INSERT INTO `product` VALUES ('31', '餐厅布草', '我是介绍我是介绍', 'photo/yitao/yitao-0.jpg', '2017-08-31 16:17:40', '', '6');
INSERT INTO `product` VALUES ('32', '餐厅布草', '我是介绍我是介绍', 'photo/yitao/yitao-1.jpg', '2017-08-31 16:17:40', '\0', '6');

-- ----------------------------
-- Table structure for user
-- ----------------------------
DROP TABLE IF EXISTS `user`;
CREATE TABLE `user` (
  `userid` int(11) NOT NULL,
  `password` varchar(255) DEFAULT NULL,
  `username` varchar(255) DEFAULT NULL,
  PRIMARY KEY (`userid`)
) ENGINE=InnoDB DEFAULT CHARSET=utf8;

-- ----------------------------
-- Records of user
-- ----------------------------
INSERT INTO `user` VALUES ('1', '1', '1');
INSERT INTO `user` VALUES ('2', '2', '2');
